{
    "spectrum": {
        "M20": 14.6214621462,
        "M36": 0.300030003,
        "M38": 0.0500050005001,
        "M40": 100.0
    },
    "name": "Ar",
    "real_name": "Ar",
    "molecule_diameter": 3.58e-10,
    "dynamic_viscosity": 2.2700000000000003e-05,
    "density_RTP": 1.784,
    "D_gas_RTP": 7.26e-05,
    "primary": "M40",
    "M": 39.948,
    "D": 2e-09,
    "kH": 29.4,
    "H_0": 0.0014066666666666667,
    "T_c": 1476.923076923077,
    "sigma": {
        "100": 2.78,
        "70": 2.6
    }
}