{
    "name": "C2H4",
    "formula": null,
    "M": 28.054,
    "molecule_diameter": null,
    "dynamic_viscosity": null,
    "density_RTP": null,
    "D_gas_RTP": null,
    "D": 1.9e-09,
    "H_0": 0.004788235294117647,
    "T_c": 2087.5,
    "thermo": {
        "dfH0": {
            "gas": 52.4
        },
        "S0": {
            "gas": 219.3
        }
    },
    "sigma": {
        "100": 4.974,
        "70": 5.115
    },
    "spectrum": {
        "M2": 0.100010001,
        "M12": 0.500050005001,
        "M13": 0.900090009001,
        "M14": 2.100210021,
        "M15": 0.300030003,
        "M24": 2.300230023,
        "M25": 7.81078107811,
        "M26": 52.9552955296,
        "M27": 62.3662366237,
        "M28": 100.0,
        "M29": 2.300230023,
        "M30": 0.100010001
    },
    "primary": "M28"
}