{
    "name": "CH4",
    "formula": "CH4",
    "M": 16.043,
    "primary": "M15",
    "molecule_diameter": 3.8e-10,
    "dynamic_viscosity": 1.11e-05,
    "density_RTP": 0.668,
    "D_gas_RTP": 6.500000000000001e-05,
    "D": 1.49e-09,
    "H_0": 0.0014,
    "T_c": 1700,
    "thermo": {
        "dfH0": {
            "gas": -74.9
        },
        "S0": {
            "gas": 186.7
        }
    },
    "sigma": {
        "100": 3.419,
        "70": 3.524
    },
    "spectrum": {
        "M12": 3.800380038,
        "M13": 10.6910691069,
        "M14": 20.4220422042,
        "M15": 88.798879888,
        "M16": 100.0,
        "M17": 1.6401640164
    }
}