{
    "name": "CO",
    "formula": null,
    "M": 28.009999999999998,
    "molecule_diameter": 3.76e-10,
    "dynamic_viscosity": 1.7800000000000002e-05,
    "density_RTP": 1.145,
    "D_gas_RTP": 6.98e-05,
    "D": 1.92e-09,
    "H_0": 0.0014876923076923077,
    "T_c": 1360.0,
    "thermo": {
        "dfH0": {
            "gas": -110.5
        },
        "S0": {
            "gas": 197.7
        }
    },
    "sigma": {
        "100": 2.616,
        "70": 2.516
    },
    "spectrum": {
        "M12": 4.700470047,
        "M16": 1.700170017,
        "M28": 100.0,
        "M29": 1.200120012
    },
    "primary": "M28"
}