{
    "name": "H2",
    "formula": null,
    "M": 2.016,
    "molecule_diameter": 2.71e-10,
    "dynamic_viscosity": 8.900000000000001e-06,
    "density_RTP": 0.08988,
    "D_gas_RTP": 0.00014900000000000002,
    "D": 4.5e-09,
    "H_0": 0.0007842857142857143,
    "T_c": 525.0,
    "thermo": {
        "dfH0": {
            "gas": 0
        },
        "S0": {
            "gas": 130.68
        }
    },
    "sigma": {
        "100": 0.969
    },
    "spectrum": {
        "M1": 2.100210021,
        "M2": 100.0
    },
    "primary": "M2"
}