{
    "name": "H2O",
    "formula": null,
    "M": 18.015,
    "molecule_diameter": 2.7799999999999997e-10,
    "dynamic_viscosity": 9.800000000000001e-06,
    "density_RTP": 0.804,
    "D_gas_RTP": 2.4200000000000002e-05,
    "D": 2.27e-09,
    "H_0": null,
    "T_c": null,
    "thermo": {
        "dfH0": {
            "gas": -241.82,
            "liquid": -285.8
        },
        "S0": {
            "gas": 188.72,
            "liquid": 69.94
        }
    },
    "sigma": {
        "100": 2.348
    },
    "spectrum": {
        "M16": 0.900090009001,
        "M17": 21.2221222122,
        "M18": 100.0,
        "M19": 0.500050005001,
        "M20": 0.300030003
    },
    "primary": "M18"
}