{
    "spectrum": {
        "M4": 100.0
    },
    "name": "He",
    "real_name": "He",
    "molecule_diameter": 2.15e-10,
    "dynamic_viscosity": 1.9900000000000003e-05,
    "density_RTP": 0.1786,
    "D_gas_RTP": 6.97e-05,
    "primary": "M4",
    "M": 4.002,
    "D": 6.28e-09,
    "kH": 110,
    "H_0": 0.0003877777777777778,
    "T_c": 157.75,
    "sigma": {
        "100": 0.37
    }
}