{
    "name": "O2",
    "formula": null,
    "M": 31.998,
    "molecule_diameter": 3.55e-10,
    "dynamic_viscosity": 2.0700000000000002e-05,
    "density_RTP": 1.429,
    "D_gas_RTP": 7.23e-05,
    "D": 2.1e-09,
    "H_0": 0.0012857142857142856,
    "T_c": 1507.6923076923076,
    "thermo": {
        "dfH0": {
            "gas": 0
        },
        "S0": {
            "gas": 205.15
        }
    },
    "sigma": {
        "100": 2.621,
        "70": 2.441
    },
    "spectrum": {
        "M16": 21.802180218,
        "M32": 100.0
    },
    "primary": "M32"
}